reaction_stage	path_id	cv_id	cv_role	cv_type	atom_or_state_definition	source
acylation	AC_DIRECT_HIS_GENERAL_BASE	acyl_ser_o_to_carbonyl_c	bond_formation	distance	SerOG Csc_acyl	generic_serine_hydrolase_chemistry
acylation	AC_DIRECT_HIS_GENERAL_BASE	ser_h_to_his_n	proton_transfer	distance_difference	SerHG-HisN and SerOG-SerHG	generic_serine_hydrolase_chemistry
acylation	AC_DIRECT_HIS_GENERAL_BASE	carbonyl_c_to_leaving_o	bond_breaking	distance	Csc_acyl Olg_ethylene_glycol	generic_serine_hydrolase_chemistry
acylation	AC_WATER_ASSISTED_LEAVING_GROUP	his_or_water_to_leaving_o	proton_transfer	distance_difference	HisH/WatH to leaving O	generic_serine_hydrolase_chemistry
acylation	AC_ASP_COUPLED_HIS_BRANCH	his_to_asp_proton_network	protonation_sensitivity	distance_or_protonation_state	HisN AspOD	generic_serine_hydrolase_chemistry
deacylation	DE_WATER_ATTACK_HIS_GENERAL_BASE	water_o_to_acyl_c	bond_formation	distance	Wat_nuc_O Cacyl_ser_ester	generic_serine_hydrolase_chemistry
deacylation	DE_WATER_ATTACK_HIS_GENERAL_BASE	water_h_to_his_n	proton_transfer	distance_difference	WatH-HisN and WatO-WatH	generic_serine_hydrolase_chemistry
deacylation	DE_WATER_ATTACK_HIS_GENERAL_BASE	acyl_c_to_ser_o	bond_breaking	distance	Cacyl_ser_ester Ser160_OG	generic_serine_hydrolase_chemistry
deacylation	DE_WATER_NETWORK_ASSISTED	water_network_relay	proton_transfer	distance_network	Wat_nuc Wat_relay HisN	generic_serine_hydrolase_chemistry
deacylation	DE_CARBOXYLATE_PROTONATION_BRANCH	fragment_carboxylate_state	protonation_sensitivity	state_label	distal carboxylate	generic_serine_hydrolase_chemistry
