pdb	input_path	prepared_path	selected_chain	input_chain_atom_count	output_atom_count	retained_water_count	altloc_decision_count	protonation_status	heterogen_policy	disulfide_policy	sha256	status
5XJH	work/blind_work/01_system_setup/structures/5XJH.pdb	project01/phase2_blind_petase_qmmm_20260630/blind_work/01_system_setup/prepared_initial_pdbs/5XJH_chainA_initial_clean_v2.pdb	A	1931	1934	3	0	not_assigned	drop_nonwater_keep_listed_triad_waters	write_geometric_cys_pairs_from_audit	30a8f88533e2b65d26de76cc078ae7c33f4c8ca1e1c5d8016b142ebf2f3fb61a	initial_cleaned_v2_not_protonated
5YFE	work/blind_work/01_system_setup/structures/5YFE.pdb	project01/phase2_blind_petase_qmmm_20260630/blind_work/01_system_setup/prepared_initial_pdbs/5YFE_chainA_initial_clean_v2.pdb	A	3865	3865	0	0	not_assigned	drop_nonwater_keep_listed_triad_waters	write_geometric_cys_pairs_from_audit	4f5d9046e746af393518e743e829e6cbf8826d81fb1083627f53d163fbb30a45	initial_cleaned_v2_not_protonated
6EQD	work/blind_work/01_system_setup/structures/6EQD.pdb	project01/phase2_blind_petase_qmmm_20260630/blind_work/01_system_setup/prepared_initial_pdbs/6EQD_chainA_initial_clean_v2.pdb	A	1933	1937	4	0	not_assigned	drop_nonwater_keep_listed_triad_waters	write_geometric_cys_pairs_from_audit	9416f221d656bd0dc5be6bb77a9d83382c7a08d195f07ec5b7d7c50169768ab9	initial_cleaned_v2_not_protonated
6EQE	work/blind_work/01_system_setup/structures/6EQE.pdb	project01/phase2_blind_petase_qmmm_20260630/blind_work/01_system_setup/prepared_initial_pdbs/6EQE_chainA_initial_clean_v2.pdb	A	4199	3826	2	26	not_assigned	drop_nonwater_keep_listed_triad_waters	write_geometric_cys_pairs_from_audit	3ec12a00836d5b5525ae78f7db1321fb19811d619c9a887be0726f5e4e04c543	initial_cleaned_v2_not_protonated
6EQF	work/blind_work/01_system_setup/structures/6EQF.pdb	project01/phase2_blind_petase_qmmm_20260630/blind_work/01_system_setup/prepared_initial_pdbs/6EQF_chainA_initial_clean_v2.pdb	A	2019	1994	2	5	not_assigned	drop_nonwater_keep_listed_triad_waters	write_geometric_cys_pairs_from_audit	14ab37a708c821bc79d7d493fbba7a2c88bcdf96c604d13d01f928dbe244b611	initial_cleaned_v2_not_protonated
6EQG	work/blind_work/01_system_setup/structures/6EQG.pdb	project01/phase2_blind_petase_qmmm_20260630/blind_work/01_system_setup/prepared_initial_pdbs/6EQG_chainA_initial_clean_v2.pdb	A	1925	1928	3	0	not_assigned	drop_nonwater_keep_listed_triad_waters	write_geometric_cys_pairs_from_audit	b899593905869a4463163feed3770ebfa91b409b32e0539fff2737c25a928f1e	initial_cleaned_v2_not_protonated
6EQH	work/blind_work/01_system_setup/structures/6EQH.pdb	project01/phase2_blind_petase_qmmm_20260630/blind_work/01_system_setup/prepared_initial_pdbs/6EQH_chainA_initial_clean_v2.pdb	A	1949	1937	4	4	not_assigned	drop_nonwater_keep_listed_triad_waters	write_geometric_cys_pairs_from_audit	dd52b4d0b47bbb8dbcaa669f617be7c32fe8709037bcb01df26ab2d08e3ed3bd	initial_cleaned_v2_not_protonated
6ILW	work/blind_work/01_system_setup/structures/6ILW.pdb	project01/phase2_blind_petase_qmmm_20260630/blind_work/01_system_setup/prepared_initial_pdbs/6ILW_chainA_initial_clean_v2.pdb	A	1961	1958	3	1	not_assigned	drop_nonwater_keep_listed_triad_waters	write_geometric_cys_pairs_from_audit	3b4671235d7f1ef18df0a555beb8d437d1978800b18f5304dc220c9f8cd8eced	initial_cleaned_v2_not_protonated
6QGC	work/blind_work/01_system_setup/structures/6QGC.pdb	project01/phase2_blind_petase_qmmm_20260630/blind_work/01_system_setup/prepared_initial_pdbs/6QGC_chainA_initial_clean_v2.pdb	A	1926	1928	2	0	not_assigned	drop_nonwater_keep_listed_triad_waters	write_geometric_cys_pairs_from_audit	0d735ab544e101395a4fd0f1952b2d0c8f48c0ade8f75d2a1b85a358cc7064da	initial_cleaned_v2_not_protonated
