"pdb","source_url","local_path","bytes","status"
"6EQE","https://files.rcsb.org/download/6EQE.pdb","work\blind_work\01_system_setup\structures\6EQE.pdb","614952","downloaded"
"5XJH","https://files.rcsb.org/download/5XJH.pdb","work\blind_work\01_system_setup\structures\5XJH.pdb","203472","downloaded"
"5YFE","https://files.rcsb.org/download/5YFE.pdb","work\blind_work\01_system_setup\structures\5YFE.pdb","527310","downloaded"
"6ILW","https://files.rcsb.org/download/6ILW.pdb","work\blind_work\01_system_setup\structures\6ILW.pdb","394146","downloaded"
"6EQD","https://files.rcsb.org/download/6EQD.pdb","work\blind_work\01_system_setup\structures\6EQD.pdb","592353","downloaded"
"6EQF","https://files.rcsb.org/download/6EQF.pdb","work\blind_work\01_system_setup\structures\6EQF.pdb","223560","downloaded"
"6EQG","https://files.rcsb.org/download/6EQG.pdb","work\blind_work\01_system_setup\structures\6EQG.pdb","618921","downloaded"
"6EQH","https://files.rcsb.org/download/6EQH.pdb","work\blind_work\01_system_setup\structures\6EQH.pdb","612603","downloaded"
"6QGC","https://files.rcsb.org/download/6QGC.pdb","work\blind_work\01_system_setup\structures\6QGC.pdb","1354239","downloaded"
