pdb	selected_chain	chains_available	decision	reason	sensitivity_check
5XJH	A	A	use_selected_chain_for_initial_blind_setup	contains_consistent_SerHisAsp_triad	repeat_key_setup_on_secondary_templates
5YFE	A	A	use_selected_chain_for_initial_blind_setup	contains_consistent_SerHisAsp_triad	repeat_key_setup_on_secondary_templates
6EQD	A	A;B;C	use_selected_chain_for_initial_blind_setup	contains_consistent_SerHisAsp_triad	repeat_key_setup_on_secondary_templates
6EQE	A	A	use_selected_chain_for_initial_blind_setup	contains_consistent_SerHisAsp_triad	repeat_key_setup_on_secondary_templates
6EQF	A	A	use_selected_chain_for_initial_blind_setup	contains_consistent_SerHisAsp_triad	repeat_key_setup_on_secondary_templates
6EQG	A	A;B;C	use_selected_chain_for_initial_blind_setup	contains_consistent_SerHisAsp_triad	repeat_key_setup_on_secondary_templates
6EQH	A	A;B;C	use_selected_chain_for_initial_blind_setup	contains_consistent_SerHisAsp_triad	repeat_key_setup_on_secondary_templates
6ILW	A	A	use_selected_chain_for_initial_blind_setup	contains_consistent_SerHisAsp_triad	repeat_key_setup_on_secondary_templates
6QGC	A	A;B;C;D	use_selected_chain_for_initial_blind_setup	contains_consistent_SerHisAsp_triad	repeat_key_setup_on_secondary_templates
