pose_id	template_pdb	substrate_model	candidate_id	complex_pdb	ser_og_to_c_target_A	attack_angle_target_deg	oxyanion_target_distance_A	leaving_his_target_distance_A	status	source	note
REACTIVE_6EQE_BHET_like_E01_001	6EQE	BHET_like	E01	project01/phase2_blind_petase_qmmm_20260630/blind_work/01_system_setup/reactive_pose_seeds/6EQE_BHET_like_E01/REACTIVE_6EQE_BHET_like_E01_001.pdb	3.300	102.94	0.823	0.998	ready_for_geometry_scoring	blind_reactive_geometry_seed	donor=A:HIS237:ND1;not_relaxed
REACTIVE_6EQE_BHET_like_E01_002	6EQE	BHET_like	E01	project01/phase2_blind_petase_qmmm_20260630/blind_work/01_system_setup/reactive_pose_seeds/6EQE_BHET_like_E01/REACTIVE_6EQE_BHET_like_E01_002.pdb	3.500	97.37	0.788	0.798	ready_for_geometry_scoring	blind_reactive_geometry_seed	donor=A:HIS237:ND1;not_relaxed
REACTIVE_6EQE_BHET_like_E01_003	6EQE	BHET_like	E01	project01/phase2_blind_petase_qmmm_20260630/blind_work/01_system_setup/reactive_pose_seeds/6EQE_BHET_like_E01/REACTIVE_6EQE_BHET_like_E01_003.pdb	2.900	90.75	2.554	0.001	ready_for_geometry_scoring	blind_reactive_geometry_seed	donor=A:TRP159:NE1;not_relaxed
REACTIVE_6EQE_BHET_like_E01_004	6EQE	BHET_like	E01	project01/phase2_blind_petase_qmmm_20260630/blind_work/01_system_setup/reactive_pose_seeds/6EQE_BHET_like_E01/REACTIVE_6EQE_BHET_like_E01_004.pdb	2.900	102.93	3.179	0.001	ready_for_geometry_scoring	blind_reactive_geometry_seed	donor=A:ALA209:N;not_relaxed
REACTIVE_6EQE_BHET_like_E01_005	6EQE	BHET_like	E01	project01/phase2_blind_petase_qmmm_20260630/blind_work/01_system_setup/reactive_pose_seeds/6EQE_BHET_like_E01/REACTIVE_6EQE_BHET_like_E01_005.pdb	2.900	86.40	2.077	0.459	ready_for_geometry_scoring	blind_reactive_geometry_seed	donor=A:HIS237:ND1;not_relaxed
REACTIVE_6EQE_BHET_like_E01_006	6EQE	BHET_like	E01	project01/phase2_blind_petase_qmmm_20260630/blind_work/01_system_setup/reactive_pose_seeds/6EQE_BHET_like_E01/REACTIVE_6EQE_BHET_like_E01_006.pdb	3.100	100.37	3.138	0.201	ready_for_geometry_scoring	blind_reactive_geometry_seed	donor=A:ALA209:N;not_relaxed
REACTIVE_6EQE_BHET_like_E01_007	6EQE	BHET_like	E01	project01/phase2_blind_petase_qmmm_20260630/blind_work/01_system_setup/reactive_pose_seeds/6EQE_BHET_like_E01/REACTIVE_6EQE_BHET_like_E01_007.pdb	3.100	87.71	2.556	0.201	ready_for_geometry_scoring	blind_reactive_geometry_seed	donor=A:TRP159:NE1;not_relaxed
REACTIVE_6EQE_BHET_like_E01_008	6EQE	BHET_like	E01	project01/phase2_blind_petase_qmmm_20260630/blind_work/01_system_setup/reactive_pose_seeds/6EQE_BHET_like_E01/REACTIVE_6EQE_BHET_like_E01_008.pdb	3.100	82.95	2.096	0.526	ready_for_geometry_scoring	blind_reactive_geometry_seed	donor=A:HIS237:ND1;not_relaxed
REACTIVE_6EQE_BHET_like_E01_009	6EQE	BHET_like	E01	project01/phase2_blind_petase_qmmm_20260630/blind_work/01_system_setup/reactive_pose_seeds/6EQE_BHET_like_E01/REACTIVE_6EQE_BHET_like_E01_009.pdb	3.300	97.76	3.107	0.401	ready_for_geometry_scoring	blind_reactive_geometry_seed	donor=A:ALA209:N;not_relaxed
REACTIVE_6EQE_BHET_like_E01_010	6EQE	BHET_like	E01	project01/phase2_blind_petase_qmmm_20260630/blind_work/01_system_setup/reactive_pose_seeds/6EQE_BHET_like_E01/REACTIVE_6EQE_BHET_like_E01_010.pdb	3.100	99.51	3.179	0.526	ready_for_geometry_scoring	blind_reactive_geometry_seed	donor=A:ALA209:N;not_relaxed
